-- Bangladesh Data Seed File
-- This file contains all divisions, districts, and upazilas for Bangladesh

-- Insert Bangladesh as country (with explicit id = 1)
INSERT INTO countries (id, name) VALUES (1, 'Bangladesh');

-- Insert Divisions (8 divisions with country_id = 1)
INSERT INTO
    divisions (id, name, country_id)
VALUES (1, 'Barishal', 1),
    (2, 'Chattogram', 1),
    (3, 'Dhaka', 1),
    (4, 'Khulna', 1),
    (5, 'Rajshahi', 1),
    (6, 'Rangpur', 1),
    (7, 'Sylhet', 1),
    (8, 'Mymensingh', 1);

-- Insert Districts (64 districts)
INSERT INTO
    districts (id, name, division_id)
VALUES (1, 'Dhaka', 3),
    (2, 'Faridpur', 3),
    (3, 'Gazipur', 3),
    (4, 'Gopalganj', 3),
    (5, 'Jamalpur', 8),
    (6, 'Kishoreganj', 3),
    (7, 'Madaripur', 3),
    (8, 'Manikganj', 3),
    (9, 'Munshiganj', 3),
    (10, 'Mymensingh', 8),
    (11, 'Narayanganj', 3),
    (12, 'Narsingdi', 3),
    (13, 'Netrokona', 8),
    (14, 'Rajbari', 3),
    (15, 'Shariatpur', 3),
    (16, 'Sherpur', 8),
    (17, 'Tangail', 3),
    (18, 'Bogura', 5),
    (19, 'Joypurhat', 5),
    (20, 'Naogaon', 5),
    (21, 'Natore', 5),
    (22, 'Nawabganj', 5),
    (23, 'Pabna', 5),
    (24, 'Rajshahi', 5),
    (25, 'Sirajgonj', 5),
    (26, 'Dinajpur', 6),
    (27, 'Gaibandha', 6),
    (28, 'Kurigram', 6),
    (29, 'Lalmonirhat', 6),
    (30, 'Nilphamari', 6),
    (31, 'Panchagarh', 6),
    (32, 'Rangpur', 6),
    (33, 'Thakurgaon', 6),
    (34, 'Barguna', 1),
    (35, 'Barishal', 1),
    (36, 'Bhola', 1),
    (37, 'Jhalokati', 1),
    (38, 'Patuakhali', 1),
    (39, 'Pirojpur', 1),
    (40, 'Bandarban', 2),
    (41, 'Brahmanbaria', 2),
    (42, 'Chandpur', 2),
    (43, 'Chattogram', 2),
    (44, 'Cumilla', 2),
    (45, 'Cox\'s Bazar', 2),
    (46, 'Feni', 2),
    (47, 'Khagrachari', 2),
    (48, 'Lakshmipur', 2),
    (49, 'Noakhali', 2),
    (50, 'Rangamati', 2),
    (51, 'Habiganj', 7),
    (52, 'Maulvibazar', 7),
    (53, 'Sunamganj', 7),
    (54, 'Sylhet', 7),
    (55, 'Bagerhat', 4),
    (56, 'Chuadanga', 4),
    (57, 'Jashore', 4),
    (58, 'Jhenaidah', 4),
    (59, 'Khulna', 4),
    (60, 'Kushtia', 4),
    (61, 'Magura', 4),
    (62, 'Meherpur', 4),
    (63, 'Narail', 4),
    (64, 'Satkhira', 4);

-- Insert Cities/Upazilas (ALL upazilas from JSON)
INSERT INTO
    cities (id, name, district_id)
VALUES (1, 'Amtali', 34),
    (2, 'Bamna', 34),
    (3, 'Barguna Sadar', 34),
    (4, 'Betagi', 34),
    (5, 'Patharghata', 34),
    (6, 'Taltali', 34),
    (7, 'Muladi', 35),
    (8, 'Babuganj', 35),
    (9, 'Agailjhara', 35),
    (10, 'Barisal Sadar', 35),
    (11, 'Bakerganj', 35),
    (12, 'Banaripara', 35),
    (13, 'Gaurnadi', 35),
    (14, 'Hizla', 35),
    (15, 'Mehendiganj', 35),
    (16, 'Wazirpur', 35),
    (17, 'Bhola Sadar', 36),
    (18, 'Burhanuddin', 36),
    (19, 'Char Fasson', 36),
    (20, 'Daulatkhan', 36),
    (21, 'Lalmohan', 36),
    (22, 'Manpura', 36),
    (23, 'Tazumuddin', 36),
    (24, 'Jhalokati Sadar', 37),
    (25, 'Kathalia', 37),
    (26, 'Nalchity', 37),
    (27, 'Rajapur', 37),
    (28, 'Bauphal', 38),
    (29, 'Dashmina', 38),
    (30, 'Galachipa', 38),
    (31, 'Kalapara', 38),
    (32, 'Mirzaganj', 38),
    (33, 'Patuakhali Sadar', 38),
    (34, 'Dumki', 38),
    (35, 'Rangabali', 38),
    (36, 'Bhandaria', 39),
    (37, 'Kaukhali', 39),
    (38, 'Mathbaria', 39),
    (39, 'Nazirpur', 39),
    (40, 'Nesarabad', 39),
    (41, 'Pirojpur Sadar', 39),
    (42, 'Zianagar', 39),
    (43, 'Bandarban Sadar', 40),
    (44, 'Thanchi', 40),
    (45, 'Lama', 40),
    (46, 'Naikhongchhari', 40),
    (47, 'Ali kadam', 40),
    (48, 'Rowangchhari', 40),
    (49, 'Ruma', 40),
    (50, 'Brahmanbaria Sadar', 41),
    (51, 'Ashuganj', 41),
    (52, 'Nasirnagar', 41),
    (53, 'Nabinagar', 41),
    (54, 'Sarail', 41),
    (55, 'Shahbazpur Town', 41),
    (56, 'Kasba', 41),
    (57, 'Akhaura', 41),
    (58, 'Bancharampur', 41),
    (59, 'Bijoynagar', 41),
    (60, 'Chandpur Sadar', 42),
    (61, 'Faridganj', 42),
    (62, 'Haimchar', 42),
    (63, 'Haziganj', 42),
    (64, 'Kachua', 42),
    (65, 'Matlab Uttar', 42),
    (66, 'Matlab Dakkhin', 42),
    (67, 'Shahrasti', 42),
    (68, 'Anwara', 43),
    (69, 'Banshkhali', 43),
    (70, 'Boalkhali', 43),
    (71, 'Chandanaish', 43),
    (72, 'Fatikchhari', 43),
    (73, 'Hathazari', 43),
    (74, 'Lohagara', 43),
    (75, 'Mirsharai', 43),
    (76, 'Patiya', 43),
    (77, 'Rangunia', 43),
    (78, 'Raozan', 43),
    (79, 'Sandwip', 43),
    (80, 'Satkania', 43),
    (81, 'Sitakunda', 43),
    (82, 'Barura', 44),
    (83, 'Brahmanpara', 44),
    (84, 'Burichong', 44),
    (85, 'Chandina', 44),
    (86, 'Chauddagram', 44),
    (87, 'Daudkandi', 44),
    (88, 'Debidwar', 44),
    (89, 'Homna', 44),
    (90, 'Comilla Sadar', 44),
    (91, 'Laksam', 44),
    (92, 'Monohorgonj', 44),
    (93, 'Meghna', 44),
    (94, 'Muradnagar', 44),
    (95, 'Nangalkot', 44),
    (96, 'Comilla Sadar South', 44),
    (97, 'Titas', 44),
    (98, 'Chakaria', 45),
    (100, '{{198}}\'\'{{199}}', 45),
    (101, 'Kutubdia', 45),
    (102, 'Maheshkhali', 45),
    (103, 'Ramu', 45),
    (104, 'Teknaf', 45),
    (105, 'Ukhia', 45),
    (106, 'Pekua', 45),
    (107, 'Feni Sadar', 46),
    (108, 'Chagalnaiya', 46),
    (109, 'Daganbhyan', 46),
    (110, 'Parshuram', 46),
    (111, 'Fhulgazi', 46),
    (112, 'Sonagazi', 46),
    (113, 'Dighinala', 47),
    (114, 'Khagrachhari', 47),
    (115, 'Lakshmichhari', 47),
    (116, 'Mahalchhari', 47),
    (117, 'Manikchhari', 47),
    (118, 'Matiranga', 47),
    (119, 'Panchhari', 47),
    (120, 'Ramgarh', 47),
    (121, 'Lakshmipur Sadar', 48),
    (122, 'Raipur', 48),
    (123, 'Ramganj', 48),
    (124, 'Ramgati', 48),
    (125, 'Komol Nagar', 48),
    (126, 'Noakhali Sadar', 49),
    (127, 'Begumganj', 49),
    (128, 'Chatkhil', 49),
    (129, 'Companyganj', 49),
    (130, 'Shenbag', 49),
    (131, 'Hatia', 49),
    (132, 'Kobirhat', 49),
    (133, 'Sonaimuri', 49),
    (134, 'Suborno Char', 49),
    (135, 'Rangamati Sadar', 50),
    (136, 'Belaichhari', 50),
    (137, 'Bagaichhari', 50),
    (138, 'Barkal', 50),
    (139, 'Juraichhari', 50),
    (140, 'Rajasthali', 50),
    (141, 'Kaptai', 50),
    (142, 'Langadu', 50),
    (143, 'Nannerchar', 50),
    (144, 'Kaukhali', 50),
    (145, 'Dhamrai', 1),
    (146, 'Dohar', 1),
    (147, 'Keraniganj', 1),
    (148, 'Nawabganj', 1),
    (149, 'Savar', 1),
    (150, 'Faridpur Sadar', 2),
    (151, 'Boalmari', 2),
    (152, 'Alfadanga', 2),
    (153, 'Madhukhali', 2),
    (154, 'Bhanga', 2),
    (155, 'Nagarkanda', 2),
    (156, 'Charbhadrasan', 2),
    (157, 'Sadarpur', 2),
    (158, 'Shaltha', 2),
    (
        159,
        'Gazipur Sadar-Joydebpur',
        3
    ),
    (160, 'Kaliakior', 3),
    (161, 'Kapasia', 3),
    (162, 'Sripur', 3),
    (163, 'Kaliganj', 3),
    (164, 'Tongi', 3),
    (165, 'Gopalganj Sadar', 4),
    (166, 'Kashiani', 4),
    (167, 'Kotalipara', 4),
    (168, 'Muksudpur', 4),
    (169, 'Tungipara', 4),
    (170, 'Dewanganj', 5),
    (171, 'Baksiganj', 5),
    (172, 'Islampur', 5),
    (173, 'Jamalpur Sadar', 5),
    (174, 'Madarganj', 5),
    (175, 'Melandaha', 5),
    (176, 'Sarishabari', 5),
    (177, 'Narundi Police I.C', 5),
    (178, 'Astagram', 6),
    (179, 'Bajitpur', 6),
    (180, 'Bhairab', 6),
    (181, 'Hossainpur', 6),
    (182, 'Itna', 6),
    (183, 'Karimganj', 6),
    (184, 'Katiadi', 6),
    (185, 'Kishoreganj Sadar', 6),
    (186, 'Kuliarchar', 6),
    (187, 'Mithamain', 6),
    (188, 'Nikli', 6),
    (189, 'Pakundia', 6),
    (190, 'Tarail', 6),
    (191, 'Madaripur Sadar', 7),
    (192, 'Kalkini', 7),
    (193, 'Rajoir', 7),
    (194, 'Shibchar', 7),
    (195, 'Manikganj Sadar', 8),
    (196, 'Singair', 8),
    (197, 'Shibalaya', 8),
    (198, 'Saturia', 8),
    (199, 'Harirampur', 8),
    (200, 'Ghior', 8),
    (201, 'Daulatpur', 8),
    (202, 'Lohajang', 9),
    (203, 'Sreenagar', 9),
    (204, 'Munshiganj Sadar', 9),
    (205, 'Sirajdikhan', 9),
    (206, 'Tongibari', 9),
    (207, 'Gazaria', 9),
    (208, 'Bhaluka', 10),
    (209, 'Trishal', 10),
    (210, 'Haluaghat', 10),
    (211, 'Muktagachha', 10),
    (212, 'Dhobaura', 10),
    (213, 'Fulbaria', 10),
    (214, 'Gaffargaon', 10),
    (215, 'Gauripur', 10),
    (216, 'Ishwarganj', 10),
    (217, 'Mymensingh Sadar', 10),
    (218, 'Nandail', 10),
    (219, 'Phulpur', 10),
    (220, 'Araihazar', 11),
    (221, 'Sonargaon', 11),
    (222, 'Bandar', 11),
    (223, 'Naryanganj Sadar', 11),
    (224, 'Rupganj', 11),
    (225, 'Siddirgonj', 11),
    (226, 'Belabo', 12),
    (227, 'Monohardi', 12),
    (228, 'Narsingdi Sadar', 12),
    (229, 'Palash', 12),
    (230, 'Raipura, Narsingdi', 12),
    (231, 'Shibpur', 12),
    (232, 'Kendua Upazilla', 13),
    (233, 'Atpara Upazilla', 13),
    (234, 'Barhatta Upazilla', 13),
    (235, 'Durgapur Upazilla', 13),
    (
        236,
        'Kalmakanda Upazilla',
        13
    ),
    (237, 'Madan Upazilla', 13),
    (238, 'Mohanganj Upazilla', 13),
    (
        239,
        'Netrakona-S Upazilla',
        13
    ),
    (
        240,
        'Purbadhala Upazilla',
        13
    ),
    (
        241,
        'Khaliajuri Upazilla',
        13
    ),
    (242, 'Baliakandi', 14),
    (243, 'Goalandaghat', 14),
    (244, 'Pangsha', 14),
    (245, 'Kalukhali', 14),
    (246, 'Rajbari Sadar', 14),
    (
        247,
        'Shariatpur Sadar -Palong',
        15
    ),
    (248, 'Damudya', 15),
    (249, 'Naria', 15),
    (250, 'Jajira', 15),
    (251, 'Bhedarganj', 15),
    (252, 'Gosairhat', 15),
    (253, 'Jhenaigati', 16),
    (254, 'Nakla', 16),
    (255, 'Nalitabari', 16),
    (256, 'Sherpur Sadar', 16),
    (257, 'Sreebardi', 16),
    (258, 'Tangail Sadar', 17),
    (259, 'Sakhipur', 17),
    (260, 'Basail', 17),
    (261, 'Madhupur', 17),
    (262, 'Ghatail', 17),
    (263, 'Kalihati', 17),
    (264, 'Nagarpur', 17),
    (265, 'Mirzapur', 17),
    (266, 'Gopalpur', 17),
    (267, 'Delduar', 17),
    (268, 'Bhuapur', 17),
    (269, 'Dhanbari', 17),
    (270, 'Bagerhat Sadar', 55),
    (271, 'Chitalmari', 55),
    (272, 'Fakirhat', 55),
    (273, 'Kachua', 55),
    (274, 'Mollahat', 55),
    (275, 'Mongla', 55),
    (276, 'Morrelganj', 55),
    (277, 'Rampal', 55),
    (278, 'Sarankhola', 55),
    (279, 'Damurhuda', 56),
    (280, 'Chuadanga-S', 56),
    (281, 'Jibannagar', 56),
    (282, 'Alamdanga', 56),
    (283, 'Abhaynagar', 57),
    (284, 'Keshabpur', 57),
    (285, 'Bagherpara', 57),
    (286, 'Jessore Sadar', 57),
    (287, 'Chaugachha', 57),
    (288, 'Manirampur', 57),
    (289, 'Jhikargachha', 57),
    (290, 'Sharsha', 57),
    (291, 'Jhenaidah Sadar', 58),
    (292, 'Maheshpur', 58),
    (293, 'Kaliganj', 58),
    (294, 'Kotchandpur', 58),
    (295, 'Shailkupa', 58),
    (296, 'Harinakunda', 58),
    (297, 'Terokhada', 59),
    (298, 'Batiaghata', 59),
    (299, 'Dacope', 59),
    (300, 'Dumuria', 59),
    (301, 'Dighalia', 59),
    (302, 'Koyra', 59),
    (303, 'Paikgachha', 59),
    (304, 'Phultala', 59),
    (305, 'Rupsa', 59),
    (306, 'Kushtia Sadar', 60),
    (307, 'Kumarkhali', 60),
    (308, 'Daulatpur', 60),
    (309, 'Mirpur', 60),
    (310, 'Bheramara', 60),
    (311, 'Khoksa', 60),
    (312, 'Magura Sadar', 61),
    (313, 'Mohammadpur', 61),
    (314, 'Shalikha', 61),
    (315, 'Sreepur', 61),
    (316, 'angni', 62),
    (317, 'Mujib Nagar', 62),
    (318, 'Meherpur-S', 62),
    (319, 'Narail-S Upazilla', 63),
    (320, 'Lohagara Upazilla', 63),
    (321, 'Kalia Upazilla', 63),
    (322, 'Satkhira Sadar', 64),
    (323, 'Assasuni', 64),
    (324, 'Debhata', 64),
    (325, 'Tala', 64),
    (326, 'Kalaroa', 64),
    (327, 'Kaliganj', 64),
    (328, 'Shyamnagar', 64),
    (329, 'Adamdighi', 18),
    (330, 'Bogra Sadar', 18),
    (331, 'Sherpur', 18),
    (332, 'Dhunat', 18),
    (333, 'Dhupchanchia', 18),
    (334, 'Gabtali', 18),
    (335, 'Kahaloo', 18),
    (336, 'Nandigram', 18),
    (337, 'Sahajanpur', 18),
    (338, 'Sariakandi', 18),
    (339, 'Shibganj', 18),
    (340, 'Sonatala', 18),
    (341, 'Joypurhat S', 19),
    (342, 'Akkelpur', 19),
    (343, 'Kalai', 19),
    (344, 'Khetlal', 19),
    (345, 'Panchbibi', 19),
    (346, 'Naogaon Sadar', 20),
    (347, 'Mohadevpur', 20),
    (348, 'Manda', 20),
    (349, 'Niamatpur', 20),
    (350, 'Atrai', 20),
    (351, 'Raninagar', 20),
    (352, 'Patnitala', 20),
    (353, 'Dhamoirhat', 20),
    (354, 'Sapahar', 20),
    (355, 'Porsha', 20),
    (356, 'Badalgachhi', 20),
    (357, 'Natore Sadar', 21),
    (358, 'Baraigram', 21),
    (359, 'Bagatipara', 21),
    (360, 'Lalpur', 21),
    (361, 'Natore Sadar', 21),
    (362, 'Baraigram', 21),
    (363, 'Bholahat', 22),
    (364, 'Gomastapur', 22),
    (365, 'Nachole', 22),
    (366, 'Nawabganj Sadar', 22),
    (367, 'Shibganj', 22),
    (368, 'Atgharia', 23),
    (369, 'Bera', 23),
    (370, 'Bhangura', 23),
    (371, 'Chatmohar', 23),
    (372, 'Faridpur', 23),
    (373, 'Ishwardi', 23),
    (374, 'Pabna Sadar', 23),
    (375, 'Santhia', 23),
    (376, 'Sujanagar', 23),
    (377, 'Bagha', 24),
    (378, 'Bagmara', 24),
    (379, 'Charghat', 24),
    (380, 'Durgapur', 24),
    (381, 'Godagari', 24),
    (382, 'Mohanpur', 24),
    (383, 'Paba', 24),
    (384, 'Puthia', 24),
    (385, 'Tanore', 24),
    (386, 'Sirajganj Sadar', 25),
    (387, 'Belkuchi', 25),
    (388, 'Chauhali', 25),
    (389, 'Kamarkhanda', 25),
    (390, 'Kazipur', 25),
    (391, 'Raiganj', 25),
    (392, 'Shahjadpur', 25),
    (393, 'Tarash', 25),
    (394, 'Ullahpara', 25),
    (395, 'Birampur', 26),
    (396, 'Birganj', 26),
    (397, 'Biral', 26),
    (398, 'Bochaganj', 26),
    (399, 'Chirirbandar', 26),
    (400, 'Phulbari', 26),
    (401, 'Ghoraghat', 26),
    (402, 'Hakimpur', 26),
    (403, 'Kaharole', 26),
    (404, 'Khansama', 26),
    (405, 'Dinajpur Sadar', 26),
    (406, 'Nawabganj', 26),
    (407, 'Parbatipur', 26),
    (408, 'Fulchhari', 27),
    (409, 'Gaibandha sadar', 27),
    (410, 'Gobindaganj', 27),
    (411, 'Palashbari', 27),
    (412, 'Sadullapur', 27),
    (413, 'Saghata', 27),
    (414, 'Sundarganj', 27),
    (415, 'Kurigram Sadar', 28),
    (416, 'Nageshwari', 28),
    (417, 'Bhurungamari', 28),
    (418, 'Phulbari', 28),
    (419, 'Rajarhat', 28),
    (420, 'Ulipur', 28),
    (421, 'Chilmari', 28),
    (422, 'Rowmari', 28),
    (423, 'Char Rajibpur', 28),
    (424, 'Lalmanirhat Sadar', 29),
    (425, 'Aditmari', 29),
    (426, 'Kaliganj', 29),
    (427, 'Hatibandha', 29),
    (428, 'Patgram', 29),
    (429, 'Nilphamari Sadar', 30),
    (430, 'Saidpur', 30),
    (431, 'Jaldhaka', 30),
    (432, 'Kishoreganj', 30),
    (433, 'Domar', 30),
    (434, 'Dimla', 30),
    (435, 'Panchagarh Sadar', 31),
    (436, 'Debiganj', 31),
    (437, 'Boda', 31),
    (438, 'Atwari', 31),
    (439, 'Tetulia', 31),
    (440, 'Badarganj', 32),
    (441, 'Mithapukur', 32),
    (442, 'Gangachara', 32),
    (443, 'Kaunia', 32),
    (444, 'Rangpur Sadar', 32),
    (445, 'Pirgachha', 32),
    (446, 'Pirganj', 32),
    (447, 'Taraganj', 32),
    (448, 'Thakurgaon Sadar', 33),
    (449, 'Pirganj', 33),
    (450, 'Baliadangi', 33),
    (451, 'Haripur', 33),
    (452, 'Ranisankail', 33),
    (453, 'Ajmiriganj', 51),
    (454, 'Baniachang', 51),
    (455, 'Bahubal', 51),
    (456, 'Chunarughat', 51),
    (457, 'Habiganj Sadar', 51),
    (458, 'Lakhai', 51),
    (459, 'Madhabpur', 51),
    (460, 'Nabiganj', 51),
    (461, 'Shaistagonj', 51),
    (462, 'Moulvibazar Sadar', 52),
    (463, 'Barlekha', 52),
    (464, 'Juri', 52),
    (465, 'Kamalganj', 52),
    (466, 'Kulaura', 52),
    (467, 'Rajnagar', 52),
    (468, 'Sreemangal', 52),
    (469, 'Bishwamvarpur', 53),
    (470, 'Chhatak', 53),
    (471, 'Derai', 53),
    (472, 'Dharampasha', 53),
    (473, 'Dowarabazar', 53),
    (474, 'Jagannathpur', 53),
    (475, 'Jamalganj', 53),
    (476, 'Sulla', 53),
    (477, 'Sunamganj Sadar', 53),
    (478, 'Shanthiganj', 53),
    (479, 'Tahirpur', 53),
    (480, 'Sylhet Sadar', 54),
    (481, 'Beanibazar', 54),
    (482, 'Bishwanath', 54),
    (483, 'Dakshin Surma', 54),
    (484, 'Balaganj', 54),
    (485, 'Companiganj', 54),
    (486, 'Fenchuganj', 54),
    (487, 'Golapganj', 54),
    (488, 'Gowainghat', 54),
    (489, 'Jointapur', 54),
    (490, 'Kanaighat', 54),
    (491, 'Zakiganj', 54),
    (492, 'Nobigonj', 54),
    (493, 'Eidgaon', 45),
    (494, 'Modhyanagar', 53),
    (495, 'Dasar', 7);